id,lastname,firstname,uid,email,title
1,Zina,Modestia,ModestiaZina,ModestiaZina@airdad.com,CommercialBuilding
2,Olympium,Rozele,RozeleOlympium,RozeleOlympium@airdad.com,HelicopterBuilding
3,Lea,Alleen,AlleenLea,AlleenLea@airdad.com,SpaceBuilding
4,Nickola,Randa,RandaNickola,RandaNickola@airdad.com,SpaceBuilding
5,Genna,Lilith,LilithGenna,LilithGenna@airdad.com,CommercialBuilding
6,Neils,Emelina,EmelinaNeils,EmelinaNeils@airdad.com,SpaceBuilding
7,Goldina,Lila,LilaGoldina,LilaGoldina@airdad.com,CommercialBuilding
8,Prober,Talya,TalyaProber,TalyaProber@airdad.com,CommercialBuilding
9,Kirstin,Linzy,LinzyKirstin,LinzyKirstin@airdad.com,CommercialBuilding
10,Fredi,Bee,BeeFredi,BeeFredi@airdad.com,HelicopterBuilding
11,Reinke,Raina,RainaReinke,RainaReinke@airdad.com,CommercialBuilding
12,Presber,Lorenza,LorenzaPresber,LorenzaPresber@airdad.com,CommercialBuilding
13,Cornelia,Amelia,AmeliaCornelia,AmeliaCornelia@airdad.com,CommercialBuilding
14,Tjon,Karolina,KarolinaTjon,KarolinaTjon@airdad.com,HelicopterBuilding
15,Lissi,Tressa,TressaLissi,TressaLissi@airdad.com,CommercialBuilding
16,Modie,Alejandra,AlejandraModie,AlejandraModie@airdad.com,CommercialBuilding
17,Rozanna,Orelia,OreliaRozanna,OreliaRozanna@airdad.com,CommercialBuilding
18,Maples,Hayley,HayleyMaples,HayleyMaples@airdad.com,CommercialBuilding
19,Mike,Marti,MartiMike,MartiMike@airdad.com,SpaceBuilding
20,Muriel,Aurore,AuroreMuriel,AuroreMuriel@airdad.com,SpaceBuilding
21,Thema,Rosanne,RosanneThema,RosanneThema@airdad.com,CommercialBuilding
22,Alfons,Marleah,MarleahAlfons,MarleahAlfons@airdad.com,HelicopterBuilding
23,Hieronymus,Catharine,CatharineHieronymus,CatharineHieronymus@airdad.com,CommercialBuilding
24,Nance,Constance,ConstanceNance,ConstanceNance@airdad.com,CommercialBuilding
25,Lilybelle,Rochette,RochetteLilybelle,RochetteLilybelle@airdad.com,HelicopterBuilding
26,Brackely,Estell,EstellBrackely,EstellBrackely@airdad.com,HelicopterBuilding
27,Frodi,Cristabel,CristabelFrodi,CristabelFrodi@airdad.com,HelicopterBuilding
28,Romelda,Anica,AnicaRomelda,AnicaRomelda@airdad.com,CommercialBuilding
29,Catie,Raina,RainaCatie,RainaCatie@airdad.com,HelicopterBuilding
30,Engdahl,Ulrike,UlrikeEngdahl,UlrikeEngdahl@airdad.com,HelicopterBuilding
31,Leary,Harrietta,HarriettaLeary,HarriettaLeary@airdad.com,HelicopterBuilding
32,Orelee,Deane,DeaneOrelee,DeaneOrelee@airdad.com,CommercialBuilding
33,Clie,Perry,PerryClie,PerryClie@airdad.com,CommercialBuilding
34,Cordi,Halette,HaletteCordi,HaletteCordi@airdad.com,SpaceBuilding
35,Hanshaw,Chloris,ChlorisHanshaw,ChlorisHanshaw@airdad.com,HelicopterBuilding
36,Fredi,Vinita,VinitaFredi,VinitaFredi@airdad.com,CommercialBuilding
37,Nerita,Joeann,JoeannNerita,JoeannNerita@airdad.com,SpaceBuilding
38,Bari,Dolli,DolliBari,DolliBari@airdad.com,CommercialBuilding
39,Millda,Nariko,NarikoMillda,NarikoMillda@airdad.com,SpaceBuilding
40,Campball,Anestassia,AnestassiaCampball,AnestassiaCampball@airdad.com,HelicopterBuilding
41,Carey,Elka,ElkaCarey,ElkaCarey@airdad.com,CommercialBuilding
42,Kevon,Jeanna,JeannaKevon,JeannaKevon@airdad.com,HelicopterBuilding
43,Tice,Ricky,RickyTice,RickyTice@airdad.com,SpaceBuilding
44,Colbert,Dari,DariColbert,DariColbert@airdad.com,CommercialBuilding
45,Cimbura,Cecile,CecileCimbura,CecileCimbura@airdad.com,HelicopterBuilding
46,Merell,Krystle,KrystleMerell,KrystleMerell@airdad.com,CommercialBuilding
47,Bouchard,Corina,CorinaBouchard,CorinaBouchard@airdad.com,SpaceBuilding
48,Malvino,Patricia,PatriciaMalvino,PatriciaMalvino@airdad.com,SpaceBuilding
49,Pyle,Ruthe,RuthePyle,RuthePyle@airdad.com,HelicopterBuilding
50,Stevy,Alameda,AlamedaStevy,AlamedaStevy@airdad.com,CommercialBuilding