id,lastname,firstname,uid,email,title
1,Lipson,Jasmina,JasminaLipson,JasminaLipson@airdad.com,CommercialDesign
2,Chauncey,Amara,AmaraChauncey,AmaraChauncey@airdad.com,HelicopterDesign
3,Olympium,Lynea,LyneaOlympium,LyneaOlympium@airdad.com,CommercialDesign
4,Longfellow,Agnese,AgneseLongfellow,AgneseLongfellow@airdad.com,SpaceDesign
5,Olnee,Adriana,AdrianaOlnee,AdrianaOlnee@airdad.com,HelicopterDesign
6,Darian,Hermione,HermioneDarian,HermioneDarian@airdad.com,SpaceDesign
7,Revkah,Dagmar,DagmarRevkah,DagmarRevkah@airdad.com,SpaceDesign
8,Lipson,Collen,CollenLipson,CollenLipson@airdad.com,HelicopterDesign
9,Lipson,Gilda,GildaLipson,GildaLipson@airdad.com,HelicopterDesign
10,Bari,Edith,EdithBari,EdithBari@airdad.com,HelicopterDesign
11,Casimir,Anica,AnicaCasimir,AnicaCasimir@airdad.com,HelicopterDesign
12,Toor,Barbara,BarbaraToor,BarbaraToor@airdad.com,HelicopterDesign
13,Thad,Kara-Lynn,Kara-LynnThad,Kara-LynnThad@airdad.com,HelicopterDesign
14,Adlare,Lisette,LisetteAdlare,LisetteAdlare@airdad.com,SpaceDesign
15,Syd,Loree,LoreeSyd,LoreeSyd@airdad.com,HelicopterDesign
16,Gombach,Kimberley,KimberleyGombach,KimberleyGombach@airdad.com,CommercialDesign
17,Fredi,Dulcinea,DulcineaFredi,DulcineaFredi@airdad.com,SpaceDesign
18,Grosz,Charmaine,CharmaineGrosz,CharmaineGrosz@airdad.com,CommercialDesign
19,Adalbert,Riannon,RiannonAdalbert,RiannonAdalbert@airdad.com,CommercialDesign
20,Heisel,Eve,EveHeisel,EveHeisel@airdad.com,SpaceDesign
21,Harday,Daryl,DarylHarday,DarylHarday@airdad.com,HelicopterDesign
22,Zuzana,Sara-Ann,Sara-AnnZuzana,Sara-AnnZuzana@airdad.com,SpaceDesign
23,Ciapas,Julieta,JulietaCiapas,JulietaCiapas@airdad.com,CommercialDesign
24,Abbot,Pierette,PieretteAbbot,PieretteAbbot@airdad.com,HelicopterDesign
25,Zetta,Drucie,DrucieZetta,DrucieZetta@airdad.com,CommercialDesign
26,Burch,Carmela,CarmelaBurch,CarmelaBurch@airdad.com,CommercialDesign
27,Marisa,Melanie,MelanieMarisa,MelanieMarisa@airdad.com,CommercialDesign
28,Khorma,Tabbatha,TabbathaKhorma,TabbathaKhorma@airdad.com,HelicopterDesign
29,Raul,Pollyanna,PollyannaRaul,PollyannaRaul@airdad.com,HelicopterDesign
30,Kalinda,Margarette,MargaretteKalinda,MargaretteKalinda@airdad.com,HelicopterDesign
31,Wesle,Teriann,TeriannWesle,TeriannWesle@airdad.com,CommercialDesign
32,Nester,Minda,MindaNester,MindaNester@airdad.com,CommercialDesign
33,Hortensia,Flory,FloryHortensia,FloryHortensia@airdad.com,SpaceDesign
34,Wenda,Joeann,JoeannWenda,JoeannWenda@airdad.com,HelicopterDesign
35,Devlen,Latisha,LatishaDevlen,LatishaDevlen@airdad.com,HelicopterDesign
36,Herrera,Randa,RandaHerrera,RandaHerrera@airdad.com,SpaceDesign
37,Pernick,Agathe,AgathePernick,AgathePernick@airdad.com,HelicopterDesign
38,Jacobah,Concettina,ConcettinaJacobah,ConcettinaJacobah@airdad.com,HelicopterDesign
39,Ardra,Aryn,ArynArdra,ArynArdra@airdad.com,CommercialDesign
40,Buckler,Tobe,TobeBuckler,TobeBuckler@airdad.com,HelicopterDesign
41,Ball,Calla,CallaBall,CallaBall@airdad.com,CommercialDesign
42,Lanita,Ivett,IvettLanita,IvettLanita@airdad.com,CommercialDesign
43,Jacinda,Bee,BeeJacinda,BeeJacinda@airdad.com,CommercialDesign
44,Wandie,Abbie,AbbieWandie,AbbieWandie@airdad.com,SpaceDesign
45,Liva,Sidoney,SidoneyLiva,SidoneyLiva@airdad.com,CommercialDesign
46,Silvan,Nickie,NickieSilvan,NickieSilvan@airdad.com,HelicopterDesign
47,Shanley,Adele,AdeleShanley,AdeleShanley@airdad.com,HelicopterDesign
48,Baudin,Ada,AdaBaudin,AdaBaudin@airdad.com,CommercialDesign
49,Randene,Emilia,EmiliaRandene,EmiliaRandene@airdad.com,HelicopterDesign
50,Shuler,Cherilyn,CherilynShuler,CherilynShuler@airdad.com,HelicopterDesign