id,lastname,firstname,uid,email,title
1,Ardeha,Alyssa,AlyssaArdeha,AlyssaArdeha@airdad.com,HelicopterFinancial
2,Harriman,Adore,AdoreHarriman,AdoreHarriman@airdad.com,HelicopterFinancial
3,Klotz,Randa,RandaKlotz,RandaKlotz@airdad.com,CommercialFinancial
4,Warthman,Fred,FredWarthman,FredWarthman@airdad.com,HelicopterFinancial
5,Annabella,Hermione,HermioneAnnabella,HermioneAnnabella@airdad.com,SpaceFinancial
6,Faso,Karina,KarinaFaso,KarinaFaso@airdad.com,CommercialFinancial
7,Anastatius,Gretal,GretalAnastatius,GretalAnastatius@airdad.com,SpaceFinancial
8,Bebe,Mignon,MignonBebe,MignonBebe@airdad.com,HelicopterFinancial
9,Bobbee,Shannah,ShannahBobbee,ShannahBobbee@airdad.com,SpaceFinancial
10,Winthorpe,Starla,StarlaWinthorpe,StarlaWinthorpe@airdad.com,CommercialFinancial
11,Isacco,Raina,RainaIsacco,RainaIsacco@airdad.com,HelicopterFinancial
12,Auberbach,Ingrid,IngridAuberbach,IngridAuberbach@airdad.com,SpaceFinancial
13,Kauppi,Binny,BinnyKauppi,BinnyKauppi@airdad.com,SpaceFinancial
14,Wenda,Nicoli,NicoliWenda,NicoliWenda@airdad.com,SpaceFinancial
15,Artie,Annecorinne,AnnecorinneArtie,AnnecorinneArtie@airdad.com,HelicopterFinancial
16,Edvard,Tori,ToriEdvard,ToriEdvard@airdad.com,SpaceFinancial
17,Dominy,Adore,AdoreDominy,AdoreDominy@airdad.com,SpaceFinancial
18,Lucienne,Lynde,LyndeLucienne,LyndeLucienne@airdad.com,CommercialFinancial
19,Rocray,Minda,MindaRocray,MindaRocray@airdad.com,CommercialFinancial
20,Nunci,Meghann,MeghannNunci,MeghannNunci@airdad.com,SpaceFinancial
21,Kenney,Dotty,DottyKenney,DottyKenney@airdad.com,SpaceFinancial
22,Waldron,Lita,LitaWaldron,LitaWaldron@airdad.com,CommercialFinancial
23,Germann,Sidoney,SidoneyGermann,SidoneyGermann@airdad.com,HelicopterFinancial
24,Casimir,Frank,FrankCasimir,FrankCasimir@airdad.com,SpaceFinancial
25,Viddah,Hermione,HermioneViddah,HermioneViddah@airdad.com,HelicopterFinancial
26,Shaddock,Kerrin,KerrinShaddock,KerrinShaddock@airdad.com,HelicopterFinancial
27,Rocray,Nyssa,NyssaRocray,NyssaRocray@airdad.com,HelicopterFinancial
28,Daveta,Nonnah,NonnahDaveta,NonnahDaveta@airdad.com,HelicopterFinancial
29,Glenden,Andree,AndreeGlenden,AndreeGlenden@airdad.com,SpaceFinancial
30,Alcott,Maud,MaudAlcott,MaudAlcott@airdad.com,CommercialFinancial
31,Melan,Marita,MaritaMelan,MaritaMelan@airdad.com,CommercialFinancial
32,Helve,Pollyanna,PollyannaHelve,PollyannaHelve@airdad.com,SpaceFinancial
33,Koehler,Dari,DariKoehler,DariKoehler@airdad.com,HelicopterFinancial
34,Guildroy,Alameda,AlamedaGuildroy,AlamedaGuildroy@airdad.com,HelicopterFinancial
35,Hailee,Jemie,JemieHailee,JemieHailee@airdad.com,CommercialFinancial
36,Izaak,Dyann,DyannIzaak,DyannIzaak@airdad.com,SpaceFinancial
37,Daegal,Jasmina,JasminaDaegal,JasminaDaegal@airdad.com,HelicopterFinancial
38,Wilkinson,Gloria,GloriaWilkinson,GloriaWilkinson@airdad.com,HelicopterFinancial
39,Koehler,Leanna,LeannaKoehler,LeannaKoehler@airdad.com,HelicopterFinancial
40,Phaidra,Queenie,QueeniePhaidra,QueeniePhaidra@airdad.com,CommercialFinancial
41,Kaja,Anallese,AnalleseKaja,AnalleseKaja@airdad.com,SpaceFinancial
42,Margarete,Barbi,BarbiMargarete,BarbiMargarete@airdad.com,CommercialFinancial
43,Pettiford,Keelia,KeeliaPettiford,KeeliaPettiford@airdad.com,HelicopterFinancial
44,Nisbet,Dorothy,DorothyNisbet,DorothyNisbet@airdad.com,CommercialFinancial
45,Campball,Annora,AnnoraCampball,AnnoraCampball@airdad.com,SpaceFinancial
46,Willie,Margalo,MargaloWillie,MargaloWillie@airdad.com,CommercialFinancial
47,Harriman,Deloria,DeloriaHarriman,DeloriaHarriman@airdad.com,SpaceFinancial
48,Anderea,Halette,HaletteAnderea,HaletteAnderea@airdad.com,HelicopterFinancial
49,Faria,Merry,MerryFaria,MerryFaria@airdad.com,HelicopterFinancial
50,Riordan,Regina,ReginaRiordan,ReginaRiordan@airdad.com,CommercialFinancial