id,lastname,firstname,uid,email,title
1,Letsou,Deedee,DeedeeLetsou,DeedeeLetsou@airdad.com,CommercialMaintenance
2,Lytton,Marylou,MarylouLytton,MarylouLytton@airdad.com,HelicopterMaintenance
3,Morrill,Judy,JudyMorrill,JudyMorrill@airdad.com,CommercialMaintenance
4,Delila,Wilma,WilmaDelila,WilmaDelila@airdad.com,CommercialMaintenance
5,Bach,Beverley,BeverleyBach,BeverleyBach@airdad.com,HelicopterMaintenance
6,Tamsky,Taffy,TaffyTamsky,TaffyTamsky@airdad.com,HelicopterMaintenance
7,Cookie,Karly,KarlyCookie,KarlyCookie@airdad.com,CommercialMaintenance
8,Shuler,Lorne,LorneShuler,LorneShuler@airdad.com,CommercialMaintenance
9,Rubie,Emilia,EmiliaRubie,EmiliaRubie@airdad.com,SpaceMaintenance
10,Cath,Patricia,PatriciaCath,PatriciaCath@airdad.com,SpaceMaintenance
11,Marden,Carmencita,CarmencitaMarden,CarmencitaMarden@airdad.com,SpaceMaintenance
12,Etom,Hyacinthe,HyacintheEtom,HyacintheEtom@airdad.com,CommercialMaintenance
13,Rooney,Gloria,GloriaRooney,GloriaRooney@airdad.com,CommercialMaintenance
14,Lay,Karina,KarinaLay,KarinaLay@airdad.com,CommercialMaintenance
15,Louanna,Steffane,SteffaneLouanna,SteffaneLouanna@airdad.com,CommercialMaintenance
16,Zamora,Brianna,BriannaZamora,BriannaZamora@airdad.com,SpaceMaintenance
17,Pip,Viki,VikiPip,VikiPip@airdad.com,CommercialMaintenance
18,Kravits,Jemie,JemieKravits,JemieKravits@airdad.com,SpaceMaintenance
19,Suanne,Karly,KarlySuanne,KarlySuanne@airdad.com,SpaceMaintenance
20,Bethany,Ezmeralda,EzmeraldaBethany,EzmeraldaBethany@airdad.com,CommercialMaintenance
21,Gualtiero,Edyth,EdythGualtiero,EdythGualtiero@airdad.com,HelicopterMaintenance
22,Mandler,Allyce,AllyceMandler,AllyceMandler@airdad.com,HelicopterMaintenance
23,Iphlgenia,Ingrid,IngridIphlgenia,IngridIphlgenia@airdad.com,CommercialMaintenance
24,Agle,Gabi,GabiAgle,GabiAgle@airdad.com,SpaceMaintenance
25,Auberbach,Evaleen,EvaleenAuberbach,EvaleenAuberbach@airdad.com,SpaceMaintenance
26,Catie,Andree,AndreeCatie,AndreeCatie@airdad.com,SpaceMaintenance
27,Hoban,Gavrielle,GavrielleHoban,GavrielleHoban@airdad.com,CommercialMaintenance
28,Letsou,Daphne,DaphneLetsou,DaphneLetsou@airdad.com,HelicopterMaintenance
29,Sherfield,Morganica,MorganicaSherfield,MorganicaSherfield@airdad.com,CommercialMaintenance
30,Birdella,Mathilda,MathildaBirdella,MathildaBirdella@airdad.com,CommercialMaintenance
31,Jehu,Alameda,AlamedaJehu,AlamedaJehu@airdad.com,CommercialMaintenance
32,Wildermuth,Rayna,RaynaWildermuth,RaynaWildermuth@airdad.com,SpaceMaintenance
33,Henebry,Linzy,LinzyHenebry,LinzyHenebry@airdad.com,SpaceMaintenance
34,Justinn,Jaclyn,JaclynJustinn,JaclynJustinn@airdad.com,CommercialMaintenance
35,Pitt,Emmey,EmmeyPitt,EmmeyPitt@airdad.com,SpaceMaintenance
36,Korey,Clementine,ClementineKorey,ClementineKorey@airdad.com,SpaceMaintenance
37,Pillsbury,Adriana,AdrianaPillsbury,AdrianaPillsbury@airdad.com,SpaceMaintenance
38,Diogenes,Bertine,BertineDiogenes,BertineDiogenes@airdad.com,SpaceMaintenance
39,Seessel,Rebeca,RebecaSeessel,RebecaSeessel@airdad.com,CommercialMaintenance
40,Suanne,Alameda,AlamedaSuanne,AlamedaSuanne@airdad.com,HelicopterMaintenance
41,Seumas,Dianemarie,DianemarieSeumas,DianemarieSeumas@airdad.com,SpaceMaintenance
42,Peonir,Zia,ZiaPeonir,ZiaPeonir@airdad.com,HelicopterMaintenance
43,Eben,Sarette,SaretteEben,SaretteEben@airdad.com,SpaceMaintenance
44,Briney,Olivette,OlivetteBriney,OlivetteBriney@airdad.com,SpaceMaintenance
45,Norvol,Nariko,NarikoNorvol,NarikoNorvol@airdad.com,HelicopterMaintenance
46,Roche,Ninnetta,NinnettaRoche,NinnettaRoche@airdad.com,HelicopterMaintenance
47,Atonsah,Melodie,MelodieAtonsah,MelodieAtonsah@airdad.com,SpaceMaintenance
48,Dimitris,Kimmy,KimmyDimitris,KimmyDimitris@airdad.com,SpaceMaintenance
49,Shelba,Carree,CarreeShelba,CarreeShelba@airdad.com,HelicopterMaintenance
50,Desai,Calla,CallaDesai,CallaDesai@airdad.com,HelicopterMaintenance