id,lastname,firstname,uid,email,title
1,Teddman,Maye,MayeTeddman,MayeTeddman@airdad.com,CommercialManufacturing
2,Bronk,Berta,BertaBronk,BertaBronk@airdad.com,HelicopterManufacturing
3,Hourigan,Brena,BrenaHourigan,BrenaHourigan@airdad.com,HelicopterManufacturing
4,Ortrude,Yetty,YettyOrtrude,YettyOrtrude@airdad.com,CommercialManufacturing
5,Schalles,Debee,DebeeSchalles,DebeeSchalles@airdad.com,HelicopterManufacturing
6,Malina,Carmela,CarmelaMalina,CarmelaMalina@airdad.com,CommercialManufacturing
7,Dituri,Marcy,MarcyDituri,MarcyDituri@airdad.com,HelicopterManufacturing
8,Phi,Yetty,YettyPhi,YettyPhi@airdad.com,SpaceManufacturing
9,Zamora,Mildrid,MildridZamora,MildridZamora@airdad.com,HelicopterManufacturing
10,Nance,Adore,AdoreNance,AdoreNance@airdad.com,SpaceManufacturing
11,Salvidor,Dolli,DolliSalvidor,DolliSalvidor@airdad.com,SpaceManufacturing
12,Screens,Zsa Zsa,Zsa ZsaScreens,Zsa ZsaScreens@airdad.com,HelicopterManufacturing
13,Yoko,Daryl,DarylYoko,DarylYoko@airdad.com,CommercialManufacturing
14,Fiester,Katuscha,KatuschaFiester,KatuschaFiester@airdad.com,SpaceManufacturing
15,Kaja,Stevana,StevanaKaja,StevanaKaja@airdad.com,SpaceManufacturing
16,Telfer,Nyssa,NyssaTelfer,NyssaTelfer@airdad.com,HelicopterManufacturing
17,Annice,Quintina,QuintinaAnnice,QuintinaAnnice@airdad.com,HelicopterManufacturing
18,Georas,Courtnay,CourtnayGeoras,CourtnayGeoras@airdad.com,HelicopterManufacturing
19,Pascia,Roberta,RobertaPascia,RobertaPascia@airdad.com,SpaceManufacturing
20,Warthman,Betta,BettaWarthman,BettaWarthman@airdad.com,SpaceManufacturing
21,Hebner,Halette,HaletteHebner,HaletteHebner@airdad.com,CommercialManufacturing
22,Lorain,Nessie,NessieLorain,NessieLorain@airdad.com,CommercialManufacturing
23,Regan,Melina,MelinaRegan,MelinaRegan@airdad.com,HelicopterManufacturing
24,Eliathas,Emma,EmmaEliathas,EmmaEliathas@airdad.com,HelicopterManufacturing
25,Sprage,Patricia,PatriciaSprage,PatriciaSprage@airdad.com,CommercialManufacturing
26,Ahab,Marline,MarlineAhab,MarlineAhab@airdad.com,SpaceManufacturing
27,Anis,Jasmina,JasminaAnis,JasminaAnis@airdad.com,HelicopterManufacturing
28,Fitzsimmons,Tori,ToriFitzsimmons,ToriFitzsimmons@airdad.com,SpaceManufacturing
29,Hoban,Marylou,MarylouHoban,MarylouHoban@airdad.com,HelicopterManufacturing
30,McAdams,Rosaline,RosalineMcAdams,RosalineMcAdams@airdad.com,HelicopterManufacturing
31,Cleo,Dorene,DoreneCleo,DoreneCleo@airdad.com,CommercialManufacturing
32,Mata,Lizzie,LizzieMata,LizzieMata@airdad.com,SpaceManufacturing
33,Joseph,Monika,MonikaJoseph,MonikaJoseph@airdad.com,HelicopterManufacturing
34,Darian,Jaclyn,JaclynDarian,JaclynDarian@airdad.com,SpaceManufacturing
35,Vary,Madeleine,MadeleineVary,MadeleineVary@airdad.com,HelicopterManufacturing
36,Hortensia,Sashenka,SashenkaHortensia,SashenkaHortensia@airdad.com,CommercialManufacturing
37,Federica,Marcelline,MarcellineFederica,MarcellineFederica@airdad.com,CommercialManufacturing
38,Bow,Minda,MindaBow,MindaBow@airdad.com,HelicopterManufacturing
39,Kirbee,Lanna,LannaKirbee,LannaKirbee@airdad.com,HelicopterManufacturing
40,Colp,Cordi,CordiColp,CordiColp@airdad.com,HelicopterManufacturing
41,Secrest,Georgina,GeorginaSecrest,GeorginaSecrest@airdad.com,CommercialManufacturing
42,Docilla,Ileana,IleanaDocilla,IleanaDocilla@airdad.com,SpaceManufacturing
43,Rurik,Gavrielle,GavrielleRurik,GavrielleRurik@airdad.com,SpaceManufacturing
44,Aurelio,Lorie,LorieAurelio,LorieAurelio@airdad.com,HelicopterManufacturing
45,Dielu,Rebeca,RebecaDielu,RebecaDielu@airdad.com,SpaceManufacturing
46,Craggie,Hildegaard,HildegaardCraggie,HildegaardCraggie@airdad.com,HelicopterManufacturing
47,Ashok,Annabela,AnnabelaAshok,AnnabelaAshok@airdad.com,HelicopterManufacturing
48,Sasnett,Henriette,HenrietteSasnett,HenrietteSasnett@airdad.com,SpaceManufacturing
49,Faust,Cassandra,CassandraFaust,CassandraFaust@airdad.com,CommercialManufacturing
50,Frendel,Rosaline,RosalineFrendel,RosalineFrendel@airdad.com,SpaceManufacturing