id,lastname,firstname,uid,email,title
1,Earlie,Catrina,CatrinaEarlie,CatrinaEarlie@airdad.com,SpaceSales
2,Docilla,Dennie,DennieDocilla,DennieDocilla@airdad.com,HelicopterSales
3,Suanne,Hettie,HettieSuanne,HettieSuanne@airdad.com,CommercialSales
4,Seumas,Alex,AlexSeumas,AlexSeumas@airdad.com,SpaceSales
5,Pacorro,Ann-Marie,Ann-MariePacorro,Ann-MariePacorro@airdad.com,SpaceSales
6,Maroney,Ana,AnaMaroney,AnaMaroney@airdad.com,CommercialSales
7,Ammann,Danika,DanikaAmmann,DanikaAmmann@airdad.com,CommercialSales
8,Thomasina,Daryl,DarylThomasina,DarylThomasina@airdad.com,SpaceSales
9,Campball,Cristine,CristineCampball,CristineCampball@airdad.com,HelicopterSales
10,Merell,Libbie,LibbieMerell,LibbieMerell@airdad.com,CommercialSales
11,Haymes,Libbie,LibbieHaymes,LibbieHaymes@airdad.com,SpaceSales
12,Bach,Chastity,ChastityBach,ChastityBach@airdad.com,HelicopterSales
13,Killigrew,Brianna,BriannaKilligrew,BriannaKilligrew@airdad.com,CommercialSales
14,Lanita,Kate,KateLanita,KateLanita@airdad.com,SpaceSales
15,Garek,Gusty,GustyGarek,GustyGarek@airdad.com,CommercialSales
16,Bonucci,Joane,JoaneBonucci,JoaneBonucci@airdad.com,HelicopterSales
17,Ingra,Nataline,NatalineIngra,NatalineIngra@airdad.com,HelicopterSales
18,Zaslow,Lisette,LisetteZaslow,LisetteZaslow@airdad.com,CommercialSales
19,Bouchard,Britni,BritniBouchard,BritniBouchard@airdad.com,SpaceSales
20,Romelda,Fanny,FannyRomelda,FannyRomelda@airdad.com,SpaceSales
21,Edison,Tonia,ToniaEdison,ToniaEdison@airdad.com,HelicopterSales
22,Quinn,Sherrie,SherrieQuinn,SherrieQuinn@airdad.com,SpaceSales
23,Adalbert,Melisent,MelisentAdalbert,MelisentAdalbert@airdad.com,HelicopterSales
24,Ventre,Jolyn,JolynVentre,JolynVentre@airdad.com,SpaceSales
25,Dowski,Cordi,CordiDowski,CordiDowski@airdad.com,HelicopterSales
26,Seligman,Corly,CorlySeligman,CorlySeligman@airdad.com,SpaceSales
27,Ortrude,Christy,ChristyOrtrude,ChristyOrtrude@airdad.com,CommercialSales
28,Cleo,Deedee,DeedeeCleo,DeedeeCleo@airdad.com,CommercialSales
29,Wiener,Jessamyn,JessamynWiener,JessamynWiener@airdad.com,HelicopterSales
30,Joli,Emilia,EmiliaJoli,EmiliaJoli@airdad.com,CommercialSales
31,Imelida,Pearline,PearlineImelida,PearlineImelida@airdad.com,HelicopterSales
32,Zachary,Carmencita,CarmencitaZachary,CarmencitaZachary@airdad.com,SpaceSales
33,Gilbertson,Meghann,MeghannGilbertson,MeghannGilbertson@airdad.com,CommercialSales
34,Wenda,Modestia,ModestiaWenda,ModestiaWenda@airdad.com,HelicopterSales
35,Cullin,Robinia,RobiniaCullin,RobiniaCullin@airdad.com,CommercialSales
36,Papageno,Jessy,JessyPapageno,JessyPapageno@airdad.com,CommercialSales
37,Pettiford,Karlee,KarleePettiford,KarleePettiford@airdad.com,SpaceSales
38,Drus,Kalina,KalinaDrus,KalinaDrus@airdad.com,CommercialSales
39,Seagraves,Maurene,MaureneSeagraves,MaureneSeagraves@airdad.com,SpaceSales
40,Edison,Korrie,KorrieEdison,KorrieEdison@airdad.com,SpaceSales
41,Agle,Lynde,LyndeAgle,LyndeAgle@airdad.com,CommercialSales
42,Sibyls,Petronia,PetroniaSibyls,PetroniaSibyls@airdad.com,SpaceSales
43,Laurianne,Talya,TalyaLaurianne,TalyaLaurianne@airdad.com,CommercialSales
44,Publia,Jinny,JinnyPublia,JinnyPublia@airdad.com,CommercialSales
45,Jacobah,Catrina,CatrinaJacobah,CatrinaJacobah@airdad.com,SpaceSales
46,Lipson,Aurelie,AurelieLipson,AurelieLipson@airdad.com,CommercialSales
47,Nore,Tina,TinaNore,TinaNore@airdad.com,SpaceSales
48,Miru,Laurene,LaureneMiru,LaureneMiru@airdad.com,CommercialSales
49,Prouty,Gwenneth,GwennethProuty,GwennethProuty@airdad.com,CommercialSales
50,Syd,Ronna,RonnaSyd,RonnaSyd@airdad.com,SpaceSales