id,lastname,firstname,uid,email,title
1,Sekofski,Heida,HeidaSekofski,HeidaSekofski@airdad.com,CommercialTesting
2,Chrystel,Caritta,CarittaChrystel,CarittaChrystel@airdad.com,HelicopterTesting
3,Ethban,Melisent,MelisentEthban,MelisentEthban@airdad.com,CommercialTesting
4,Love,Sidoney,SidoneyLove,SidoneyLove@airdad.com,CommercialTesting
5,Jacobah,Arabel,ArabelJacobah,ArabelJacobah@airdad.com,CommercialTesting
6,Kronfeld,Candi,CandiKronfeld,CandiKronfeld@airdad.com,HelicopterTesting
7,Japeth,Sharai,SharaiJapeth,SharaiJapeth@airdad.com,HelicopterTesting
8,Germann,Juliane,JulianeGermann,JulianeGermann@airdad.com,HelicopterTesting
9,Torray,Codie,CodieTorray,CodieTorray@airdad.com,HelicopterTesting
10,Rozanna,Liana,LianaRozanna,LianaRozanna@airdad.com,HelicopterTesting
11,Talia,Joeann,JoeannTalia,JoeannTalia@airdad.com,CommercialTesting
12,Zitvaa,Donnie,DonnieZitvaa,DonnieZitvaa@airdad.com,SpaceTesting
13,Bow,Kathi,KathiBow,KathiBow@airdad.com,CommercialTesting
14,Vins,Addia,AddiaVins,AddiaVins@airdad.com,HelicopterTesting
15,Alexandr,Raquela,RaquelaAlexandr,RaquelaAlexandr@airdad.com,HelicopterTesting
16,Kendrick,Dawn,DawnKendrick,DawnKendrick@airdad.com,SpaceTesting
17,Jobi,Flory,FloryJobi,FloryJobi@airdad.com,HelicopterTesting
18,Lilybelle,Caryl,CarylLilybelle,CarylLilybelle@airdad.com,HelicopterTesting
19,Lay,Marinna,MarinnaLay,MarinnaLay@airdad.com,CommercialTesting
20,Selway,Ardenia,ArdeniaSelway,ArdeniaSelway@airdad.com,CommercialTesting
21,Tremayne,Darci,DarciTremayne,DarciTremayne@airdad.com,CommercialTesting
22,Eckblad,Jemie,JemieEckblad,JemieEckblad@airdad.com,HelicopterTesting
23,Edison,Taffy,TaffyEdison,TaffyEdison@airdad.com,CommercialTesting
24,Zaslow,Elfreda,ElfredaZaslow,ElfredaZaslow@airdad.com,CommercialTesting
25,Kussell,Gilligan,GilliganKussell,GilliganKussell@airdad.com,SpaceTesting
26,Hashim,Ira,IraHashim,IraHashim@airdad.com,HelicopterTesting
27,Sherfield,Camile,CamileSherfield,CamileSherfield@airdad.com,SpaceTesting
28,Baylor,Fanny,FannyBaylor,FannyBaylor@airdad.com,SpaceTesting
29,Brodench,Rivalee,RivaleeBrodench,RivaleeBrodench@airdad.com,SpaceTesting
30,Girardo,Kylynn,KylynnGirardo,KylynnGirardo@airdad.com,HelicopterTesting
31,Ellerey,Roseline,RoselineEllerey,RoselineEllerey@airdad.com,SpaceTesting
32,Nedrud,Viviene,VivieneNedrud,VivieneNedrud@airdad.com,HelicopterTesting
33,Lynn,Inga,IngaLynn,IngaLynn@airdad.com,CommercialTesting
34,Ellerey,Brynna,BrynnaEllerey,BrynnaEllerey@airdad.com,HelicopterTesting
35,Lenny,Glynnis,GlynnisLenny,GlynnisLenny@airdad.com,HelicopterTesting
36,Zeeba,Gerrie,GerrieZeeba,GerrieZeeba@airdad.com,SpaceTesting
37,Couture,Jean,JeanCouture,JeanCouture@airdad.com,CommercialTesting
38,Weitman,Belva,BelvaWeitman,BelvaWeitman@airdad.com,HelicopterTesting
39,Pierette,Frank,FrankPierette,FrankPierette@airdad.com,CommercialTesting
40,Pitt,Raina,RainaPitt,RainaPitt@airdad.com,CommercialTesting
41,Harday,Lexine,LexineHarday,LexineHarday@airdad.com,CommercialTesting
42,Evangelia,Lila,LilaEvangelia,LilaEvangelia@airdad.com,HelicopterTesting
43,Mott,Ira,IraMott,IraMott@airdad.com,HelicopterTesting
44,Darrell,Alexine,AlexineDarrell,AlexineDarrell@airdad.com,SpaceTesting
45,Carvey,Ardeen,ArdeenCarvey,ArdeenCarvey@airdad.com,SpaceTesting
46,Tybald,Christy,ChristyTybald,ChristyTybald@airdad.com,HelicopterTesting
47,Gamaliel,Louella,LouellaGamaliel,LouellaGamaliel@airdad.com,CommercialTesting
48,Mallon,Binny,BinnyMallon,BinnyMallon@airdad.com,HelicopterTesting
49,Gino,Margarette,MargaretteGino,MargaretteGino@airdad.com,CommercialTesting
50,Saunderson,Alexine,AlexineSaunderson,AlexineSaunderson@airdad.com,CommercialTesting